{
  "fill" : {
    "automatic-gradient" : "extended-gray:1.00000,1.00000"
  },
  "groups" : [
    {
      "layers" : [
        {
          "image-name" : "jrnlimages.004.png",
          "name" : "jrnlimages.004",
          "opacity" : 0.8
        },
        {
          "image-name" : "jrnlimages.003.png",
          "name" : "jrnlimages.003",
          "opacity" : 0.8
        },
        {
          "image-name" : "jrnlimages.002.png",
          "name" : "jrnlimages.002",
          "opacity" : 0.8
        },
        {
          "image-name" : "jrnlimages.001.png",
          "name" : "jrnlimages.001",
          "opacity" : 0.8
        }
      ],
      "shadow" : {
        "kind" : "neutral",
        "opacity" : 0.5
      },
      "translucency" : {
        "enabled" : true,
        "value" : 0.5
      }
    }
  ],
  "supported-platforms" : {
    "circles" : [
      "watchOS"
    ],
    "squares" : "shared"
  }
}